{"Test Loss": 0.023137588053941727, "_timestamp": 1685199150.3618333, "_runtime": 65.2392303943634, "_step": 0, "_wandb": {"runtime": 65}}