{"Test Loss": 0.023137588053941727, "_timestamp": 1685199372.8186142, "_runtime": 13.87943434715271, "_step": 0, "_wandb": {"runtime": 14}}