{"Test Loss": 0.005495572462677956, "_timestamp": 1685119530.203705, "_runtime": 5.879171133041382, "_step": 0, "_wandb": {"runtime": 5}}